{"eval/runtime":1.783,"_timestamp":1.7307798444124825e+09,"_wandb":{"runtime":15},"eval/steps_per_second":0.561,"train_steps_per_second":0.128,"train/global_step":2,"_step":4,"total_flos":1.1637117263232e+13,"eval/samples_per_second":2.243,"_runtime":15.205383975,"train/loss":24.0453,"train/epoch":2,"train/learning_rate":0,"train/grad_norm":545.1948852539062,"train_runtime":15.5683,"train_loss":23.997349739074707,"train_samples_per_second":0.514}