{"_timestamp":1.730779236566533e+09,"train/global_step":2,"train/learning_rate":0,"train_runtime":15.5864,"train_loss":23.997349739074707,"train/loss":24.0453,"total_flos":1.1637117263232e+13,"eval/steps_per_second":0.559,"eval/samples_per_second":2.237,"_wandb":{"runtime":15},"train_steps_per_second":0.128,"eval/runtime":1.7879,"_runtime":15.21588774,"_step":4,"train/epoch":2,"train/grad_norm":494.73919677734375,"train_samples_per_second":0.513}