{"eval/steps_per_second":0.559,"train_steps_per_second":0.126,"eval/runtime":1.7905,"train_samples_per_second":0.503,"_step":2,"train/epoch":2,"train_loss":23.99734878540039,"_timestamp":1.7307790750593212e+09,"train_runtime":15.8932,"_wandb":{"runtime":15},"eval/samples_per_second":2.234,"_runtime":15.52662484,"train/global_step":2,"total_flos":1.1637117263232e+13}