{"train/global_step":2,"train_loss":23.997349739074707,"_step":5,"eval/samples_per_second":2.237,"eval/steps_per_second":0.559,"train/epoch":2,"train_samples_per_second":0.513,"train_runtime":15.5907,"train/grad_norm":628.7246704101562,"total_flos":1.1637117263232e+13,"_wandb":{"runtime":17},"_runtime":17.013610829,"train/learning_rate":0,"_timestamp":1.7307799260004628e+09,"eval/runtime":1.7881,"train_steps_per_second":0.128,"train/loss":24.0453}