{"train_samples_per_second":0.668,"total_flos":1.1637117263232e+13,"train_loss":23.997349739074707,"_step":3,"eval/samples_per_second":2.239,"train/loss":24.0453,"train_steps_per_second":0.167,"train_runtime":11.9828,"eval/runtime":1.7864,"train/grad_norm":548.2163696289062,"_wandb":{"runtime":13},"train/learning_rate":0,"train/global_step":2,"eval/steps_per_second":0.56,"_timestamp":1.7307802552605808e+09,"_runtime":13.391300669,"train/epoch":2}