{"_timestamp":1.7307808087411122e+09,"train/loss":24.0453,"eval/steps_per_second":0.56,"_step":3,"eval/samples_per_second":2.242,"total_flos":1.1637117263232e+13,"train/learning_rate":0,"train_runtime":11.9934,"eval/runtime":1.7842,"train/epoch":2,"train_steps_per_second":0.167,"train/global_step":2,"train_loss":23.997349739074707,"train_samples_per_second":0.667,"_runtime":13.367790884,"_wandb":{"runtime":13},"train/grad_norm":571.7994995117188}