{"_step":4,"train/global_step":1072,"train_steps_per_second":0.174,"_wandb":{"runtime":6163},"train/learning_rate":1.3457943925233646e-06,"train/loss":2.2283,"_runtime":6158.832778396,"train_runtime":6159.2061,"total_flos":6.703949303393568e+15,"train/epoch":2,"_timestamp":1.7307498277911344e+09,"train_samples_per_second":0.696,"train/grad_norm":20.720367431640625,"train_loss":2.6083640767567196}