{"eval/samples_per_second":2.23,"train_samples_per_second":0.667,"_step":3,"train/grad_norm":601.3665771484375,"train_steps_per_second":0.167,"train/global_step":2,"train/learning_rate":0,"_runtime":13.424076957,"eval/steps_per_second":0.558,"train_runtime":11.9934,"train/loss":24.0453,"total_flos":1.1637117263232e+13,"_wandb":{"runtime":13},"eval/runtime":1.7936,"_timestamp":1.7307800546814728e+09,"train_loss":23.997349739074707,"train/epoch":2}