{"train_runtime":15.5865,"eval/steps_per_second":0.56,"_runtime":15.20843459,"train_samples_per_second":0.513,"eval/runtime":1.7871,"train_steps_per_second":0.128,"eval/samples_per_second":2.238,"_step":2,"_wandb":{"runtime":15},"total_flos":1.1637117263232e+13,"train_loss":23.99734878540039,"_timestamp":1.7307789496137078e+09,"train/epoch":2,"train/global_step":2}